rank,journal,score
1,The Quarterly Journal of Economics,1.32
2,Journal of Political Economy,2.52
3,American Economic Review,3.19
4,Econometrica,4.5
5,The Review of Economic Studies,6.63
6,Journal of Economic Literature,8.5
7,Journal of Economic Perspectives,8.7
8,Energy Economics,8.87
9,American Economic Journal: Macroeconomics,9.79
10,Journal of Financial Economics,9.82
11,The Review of Financial Studies,10.25
12,Journal of Finance,10.57
13,Brookings Papers on Economic Activity,11.31
14,Annual Review of Economics,13.74
15,The Review of Economics and Statistics,13.86
16,Journal of Econometrics,14.52
17,Journal of Monetary Economics,14.57
18,American Economic Journal: Economic Policy,15.15
19,American Economic Journal: Applied Economics,18.56
20,Journal of the European Economic Association,18.84
21,American Economic Review: Insights,20.69
22,Journal of Public Economics,21.64
23,The Economic Journal,22.61
24,Journal of Labor Economics,24.47
25,Economic Policy,28.41
26,Journal of International Economics,29.53
27,Energy Policy,30.38
28,Journal of Economic Growth,32.08
29,Journal of Financial Intermediation,34.53
30,Journal of Development Economics,34.55
31,Empirical Economics,34.66
32,The Econometrics Journal,35.39
33,Journal of Corporate Finance,35.53
34,Finance Research Letters,37.4
35,Journal of Business & Economic Statistics,38.13
36,Journal of Human Resources,38.28
37,IMF Economic Review,39.22
38,Journal of Political Economy Macroeconomics,39.58
39,Renewable and Sustainable Energy Reviews,41.76
40,Review of Environmental Economics and Policy,42.59
41,Review of Finance,42.63
42,International Journal of Central Banking,43.53
43,Quantitative Economics,44.34
44,Journal of Environmental Economics and Management,44.37
45,European Economic Review,45.54
46,Journal of Urban Economics,45.7
47,Review of Economic Dynamics,45.81
48,Technological Forecasting and Social Change,46.82
49,Journal of International Business Studies,47.78
50,The World Bank Research Observer,47.79
51,BIS Quarterly Review,48.95
52,Journal of Financial Stability,50.67
53,Journal of Business Research,50.9
54,Journal of Applied Econometrics,51.95
55,Management Science,52.55
56,Research Policy,52.61
57,"Journal of Money, Credit and Banking",54.23
58,International Review of Financial Analysis,54.91
59,Strategic Management Journal,55.2
60,The Review of Corporate Finance Studies,55.59
61,Journal of Business Venturing,55.71
62,Journal of Financial and Quantitative Analysis,56.95
63,Journal of the Association of Environmental and Resource Economists,57.71
64,Applied Energy,58.12
65,Stata Journal,59.32
66,Journal of Economic Surveys,60.53
67,Journal of Banking & Finance,62.84
68,Annual Review of Financial Economics,64
69,Journal of Accounting and Economics,64.78
70,RAND Journal of Economics,66.26
71,Journal of International Money and Finance,67.39
72,Renewable Energy,68.72
73,World Development,68.76
74,Labour Economics,69.1
75,Experimental Economics,69.34
76,Annual Review of Resource Economics,70.65
77,International Economic Review,71.49
78,AEA Papers and Proceedings,72.55
79,Journal of Accounting Research,76.2
80,Nature,76.28
81,Journal of Economic Dynamics and Control,76.32
82,Journal of Business Ethics,76.44
83,Journal of Health Economics,77.26
84,Economica,80.87
85,Journal of World Business,82.2
86,Journal of Economic Geography,84.51
87,Journal of Economic Theory,85.77
88,American Journal of Political Science,86.4
89,Theoretical Economics,87.33
90,The World Bank Economic Review,88.89
91,Business Strategy and the Environment,89.83
92,Entrepreneurship Theory and Practice,90.59
93,IZA Journal of Labor Economics,91.73
94,Journal of Population Economics,91.83
95,Journal of the American Statistical Association,92.51
96,Journal of Economic Behavior & Organization,92.75
97,Energy,93.13
98,American Journal of Agricultural Economics,93.76
99,Journal of Interactive Marketing,94.89
100,Ecological Economics,95.24
101,Oxford Bulletin of Economics and Statistics,95.98
102,The Journal of Economic Inequality,96.24
103,Journal of the Academy of Marketing Science,96.57
104,Journal of Comparative Economics,97.36
105,International Journal of Forecasting,97.91
106,Nature Climate Change,99.16
107,EconStor Open Access Articles and Book Chapters,100.11
108,Economic Modelling,101.25
109,Borsa Istanbul Review,102.02
110,Economics Letters,102.36
111,"Journal of International Financial Markets, Institutions and Money",103.21
112,Small Business Economics,103.31
113,Canadian Journal of Economics,104.71
114,Oxford Review of Economic Policy,105.02
115,Contemporary Accounting Research,105.36
116,Scandinavian Journal of Economics,105.56
117,Demography,105.77
118,International Journal of Information Management,106.36
119,Political Analysis,107.34
120,European Journal of Operational Research,111.03
121,China Economic Review,112.02
122,American Economic Journal: Microeconomics,113.47
123,Resources Policy,113.98
124,Journal of Global Economic Analysis,114.12
125,International Journal of Production Economics,114.79
126,Review of Income and Wealth,115.93
127,American Journal of Health Economics,116.23
128,Nature Energy,116.61
129,International Economics,117.23
130,Review of Accounting Studies,122.1
131,ILR Review,122.35
132,Tourism Management,122.93
133,European Journal of Political Economy,124.87
134,Economic Inquiry,126.04
135,Journal of Risk and Uncertainty,126.41
136,Journal of Multinational Financial Management,127.86
137,Fiscal Studies,129.7
138,Journal of Macroeconomics,130.12
139,Journal of Statistical Software,130.43
140,Econometric Theory,130.5
141,Journal of International Business Policy,131.22
142,Nature Human Behaviour,131.97
143,Economics of Education Review,134.07
144,Food Policy,138
145,Journal of Human Capital,138.83
146,Regional Science and Urban Economics,139.04
147,The Journal of Economic History,139.84
148,Economic Policy Review,140.36
149,Journal of Law and Economics,140.39
150,Games and Economic Behavior,140.71
151,American Political Science Review,141.25
152,The Review of Asset Pricing Studies,141.83
153,IZA Journal of Labor Policy,143.07
154,Critical Finance Review,144.37
155,Oxford Economic Papers,145.35
156,Regional Studies,145.39
157,Research in International Business and Finance,145.39
158,Marketing Science,146.97
159,Journal of African Business,148.12
160,Journal of Economics & Management Strategy,148.34
161,Research in Economics,149.51
162,Environmental & Resource Economics,150.62
163,Journal of Policy Analysis and Management,152.81
164,ifo DICE Report,153
165,Financial Management,155.03
166,International Finance,155.92
167,Proceedings of the National Academy of Sciences,157.98
168,Economic Bulletin Articles,159.52
169,Nature Sustainability,161.45
170,Journal of Financial Econometrics,161.53
171,Economic Analysis and Policy,161.7
172,International Journal of Industrial Organization,162.65
173,Journal of the Royal Statistical Society Series B,163.25
174,Industrial and Corporate Change,163.51
175,International Business Review,164.48
176,Journal of Empirical Finance,164.71
177,Mathematical Finance,165.61
178,Transportation Research Part A: Policy and Practice,167.39
179,Journal of Management Studies,168.7
180,Journal of Economic Psychology,169.18
181,Production and Operations Management,169.5
182,German Economic Review,170.42
183,Annals of Economics and Finance,171
184,Journal of Political Economy Microeconomics,172.29
185,Explorations in Economic History,172.49
186,Journal of Behavioral and Experimental Finance,172.57
187,Information Economics and Policy,172.84
188,Emerging Markets Review,173.7
189,Land Use Policy,174.88
190,Quantitative Finance,175.53
191,Economic Geography,175.62
192,European Financial Management,175.7
193,International Journal of Production Research,175.96
194,Industrial Relations: A Journal of Economy and Society,177.09
195,International Review of Economics & Finance,179.38
196,Journal of Retailing,180
197,Economic Development and Cultural Change,181.12
198,Health Economics,182.12
199,Transport Reviews,182.84
200,Review of Economics of the Household,183.42
201,Journal of Financial Markets,184.02
202,Transportation Research Part B: Methodological,184.4
203,Resource and Energy Economics,184.5
204,The World Economy,185.75
205,Journal of the Economic Science Association,185.76
206,"The Journal of Law, Economics, and Organization",187.31
207,Pacific-Basin Finance Journal,188.66
208,Applied Economics,188.7
209,Technovation,190.54
210,Journal of Consumer Research,191.55
211,Omega,191.6
212,The North American Journal of Economics and Finance,192.22
213,Journal of Econometric Methods,192.3
214,Finance and Stochastics,192.67
215,International Tax and Public Finance,193.31
216,Journal of Housing Economics,193.71
217,National Tax Journal,194.29
218,Macroeconomic Dynamics,194.41
219,IZA Journal of Development and Migration,196.57
220,Wiley Interdisciplinary Reviews: Climate Change,197.89
221,Journal of Regional Science,198.09
222,International Review of Environmental and Resource Economics,200.04
223,"Journal of Law, Finance, and Accounting",202.62
224,"Resources, Conservation & Recycling",203.1
225,Business Horizons,203.95
226,European Review of Agricultural Economics,204.19
227,The Quarterly Review of Economics and Finance,205.31
228,Climate Policy,211.1
229,Journal of Economics and Business,211.54
230,Structural Change and Economic Dynamics,211.94
231,Organization Science,212.97
232,Review of World Economics,213.45
233,Quarterly Journal of Finance,213.46
234,Journal of Industrial Economics,213.7
235,CESifo Economic Studies,214.04
236,Journal of the Japanese and International Economies,214.3
237,Sustainability,214.31
238,Review of International Economics,214.45
239,JODE - Journal of Demographic Economics,214.78
240,Economic Theory,215.02
241,Journal of Development Studies,216.68
242,Journal of Commodity Markets,216.91
243,Econometric Reviews,217.24
244,Environmental Science & Policy,218.7
245,The Journal of Technology Transfer,220.29
246,Nature Communications,222.81
247,Economía Journal,223.88
248,"Review, Federal Reserve Bank of St. Louis",227.92
249,Emerging Markets Finance and Trade,227.92
250,Transportation Research Part E: Logistics and Transportation Review,228.07
251,Journal of Retailing and Consumer Services,228.36
252,International Organization,228.63
253,Agricultural Economics,229.17
254,"Cambridge Journal of Regions, Economy and Society",230.28
255,Technology in Society,230.43
256,Telecommunications Policy,230.5
257,Cliometrica,230.94
258,Swiss Journal of Economics and Statistics,232.52
259,Journal of Policy Modeling,233.08
260,Papers in Regional Science,236.47
261,Real Estate Economics,237.61
262,Behavioural Public Policy,238.2
263,Open Economies Review,239.61
264,Social Indicators Research,243.93
265,Journal of Agricultural Economics,244.02
266,Economic Systems,244.8
267,The Journal of the Economics of Ageing,245.13
268,Financial Innovation,245.55
269,Business Research,245.79
270,Manufacturing & Service Operations Management,246.87
271,Sustainable Development,246.87
272,Journal of Pension Economics and Finance,246.95
273,Corporate Social Responsibility and Environmental Management,247.94
274,Environment and Development Economics,249.02
275,Industry and Innovation,250.86
276,Australasian Marketing Journal,250.89
277,Research Bulletin,250.92
278,Review of Corporate Finance,253.16
279,Cambridge Journal of Economics,255.57
280,SERIEs: Journal of the Spanish Economic Association,255.73
281,Southern Economic Journal,256.39
282,Journal of Evolutionary Economics,257.52
283,Journal of Financial Services Research,258.48
284,Quarterly Journal of Political Science,258.75
285,Journal of Risk & Insurance,258.86
286,International Productivity Monitor,260.55
287,The European Journal of Finance,260.74
288,International Journal of Research in Marketing,260.94
289,Journal of Family Business Strategy,262.87
290,Journal of Behavioral and Experimental Economics,262.97
291,Journal of Transport Geography,263.53
292,Quantitative Marketing and Economics,264.02
293,Economics of Innovation and New Technology,264.5
294,Econometrics,264.83
295,Transport Policy,265.21
296,FRBSF Economic Letter,265.91
297,Physica A: Statistical Mechanics and its Applications,266.34
298,Journal of Informetrics,268.1
299,Journal for Labour Market Research,268.21
300,PLOS ONE,268.48
